{
    "kNN": 9.38474633980252,
    "regression": 10.840994211780728,
    "impute-by-mean-conditional_RAC1P": 18.805243445692884,
    "impute-by-median-conditional_RAC1P": 19.07252298263534,
    "impute-by-mean-conditional_SEX": 19.154919986380662,
    "impute-by-mean": 19.180456247871977,
    "impute-by-mean-trimmed": 19.180456247871977,
    "impute-by-median": 19.180456247871977,
    "impute-by-median-trimmed": 19.180456247871977,
    "impute-by-median-conditional_SEX": 19.303030303030305,
    "predict-by-sklearn": 26.029962546816478
}