{
    "kNN": 10.317330609465442,
    "regression": 11.451481103166497,
    "impute-by-mean-conditional_RAC1P": 18.04937010554988,
    "impute-by-mean-conditional_SEX": 18.2080354102826,
    "impute-by-median-conditional_SEX": 18.216547497446374,
    "impute-by-mean": 18.220633299284984,
    "impute-by-mean-trimmed": 18.220633299284984,
    "impute-by-median": 18.220633299284984,
    "impute-by-median-trimmed": 18.220633299284984,
    "impute-by-median-conditional_RAC1P": 18.33197139938713,
    "predict-by-sklearn": 25.64896152536602
}