{
    "kNN": 10.032835849724345,
    "regression": 11.235361086038068,
    "impute-by-mean-conditional_RAC1P": 18.911814776983316,
    "impute-by-median-conditional_RAC1P": 19.048008171603676,
    "impute-by-mean-conditional_SEX": 19.349336057201224,
    "impute-by-mean": 19.417092271024856,
    "impute-by-mean-trimmed": 19.417092271024856,
    "impute-by-median": 19.417092271024856,
    "impute-by-median-trimmed": 19.417092271024856,
    "impute-by-median-conditional_SEX": 19.44160708205652,
    "predict-by-sklearn": 26.593803200544773
}