{
    "kNN": 9.194075587334014,
    "regression": 10.632618318011577,
    "impute-by-mean-conditional_RAC1P": 18.076608784473954,
    "impute-by-mean-conditional_SEX": 18.367041198501873,
    "impute-by-mean": 18.37759618658495,
    "impute-by-mean-trimmed": 18.37759618658495,
    "impute-by-median": 18.37759618658495,
    "impute-by-median-trimmed": 18.37759618658495,
    "impute-by-median-conditional_RAC1P": 18.419816138917263,
    "impute-by-median-conditional_SEX": 18.572693224378618,
    "predict-by-sklearn": 25.336397684712292
}