{
    "kNN": 9.526727953694246,
    "regression": 11.058563159686756,
    "impute-by-mean-conditional_RAC1P": 18.745318352059925,
    "impute-by-mean-conditional_SEX": 18.983316309159004,
    "impute-by-mean": 19.002042900919307,
    "impute-by-mean-trimmed": 19.002042900919307,
    "impute-by-median": 19.002042900919307,
    "impute-by-median-trimmed": 19.002042900919307,
    "impute-by-median-conditional_RAC1P": 19.0561797752809,
    "impute-by-median-conditional_SEX": 19.149131767109296,
    "predict-by-sklearn": 26.217228464419474
}